CLIENTE FIJO 30%,TIPO CLIENTE ICE (D&N),SUB CANAL,TAMAÑO ICE KO,LOCALIDAD-AGENCIA,ZONA,Codigo DN,ID cliente/PDV,NAME Cliente (PDV),DIRECCIÓN,GERENTE COMERCIAL,PROVINCIA,DISTRITO MUNICIPAL,SECTOR,TIPO DE RUTA,RUTA PREVENTA,NOMBRE PREVENTA,Persona 1,supervisor,Persona 2,LATITUD,LONGITUD,RUTA-LOCALIDAD D&N,ZONA DE RETORNABILIDAD,Incidencia,Clasificación,ID SSTC,Estatus,Comentario,LATITUDE,LONGITUDE,LOLA,ELEGIBLE,ELIMINAR,SELECCION,ETIQUETA,MT,CDA,MT FINAL,RutaDN1,Dia_Asignado,Orden_Ruta,Punto_Inicio,TIPO,CODIGO D&N,export.Estado,DIA,Tabla11.auditor,MUESTRA CUMPL.
NO,HOME MARKET TRADICIONAL,TIENDAS,Plata,SANTO DOMINGO,ZONA OCCIDENTAL  Y SC,9000000826,826,COLMADO  E Y M,C/ 13 # 68 27 DE FEBRERO,JUAN PAULINO,DISTRITO NACIONAL,DISTRITO NACIONAL,27 DE FEBRERO,TRADICIONAL,394,LUIS BREA JIMENEZ,LUIS BREA JIMENEZ,DANIEL BATISTA,DANIEL BATISTA,18.50125,-69.8852,394 SANTO DOMINGO,BAJA RETORNABILIDAD,SIN INCIDENCIA,ICE,1150002943,Ultima Aprobada,Elegible,18.50142333333333,-69.88513166666667,18.5014233333333-69.8851316666667,ELEGIBLE,NO,S,S1,DSTRTO105,SANTO DOMINGO,DSTRTO105-HATO NUEVO,3.0,Día 3,,,SUPLENTE,9000000826,,3.0,JEYSON VALDEZ,Cargar
NO,HOME MARKET TRADICIONAL,TIENDAS,Plata,SANTO DOMINGO,ZONA OCCIDENTAL  Y SC,9000000833,833,COL ESTARLYN,EDUARDO BRITO # 25 (27 DE FEBRERO),JUAN PAULINO,DISTRITO NACIONAL,DISTRITO NACIONAL,CENTRO DE LA CIUDAD,TRADICIONAL,394,LUIS BREA JIMENEZ,LUIS BREA JIMENEZ,DANIEL BATISTA,DANIEL BATISTA,18.5025,-69.885,394 SANTO DOMINGO,ALTA RETORNABILIDAD,SIN INCIDENCIA,TITAN,1150002951,Ultima Aprobada,Elegible,18.50237302,-69.88507051,18.50237302-69.88507051,ELEGIBLE,NO,S,S1,DSTRTO105,SANTO DOMINGO,DSTRTO105-HATO NUEVO,3.0,Día 3,,,SUPLENTE,9000000833,,3.0,JEYSON VALDEZ,Cargar
NO,ON PREMISE,CAFETERIA / RESTAURANTE INFORMAL,ORO,HATO NUEVO,ZONA OCCIDENTAL  Y SC,9000006092,6092,EXPRESSO GUANGWEI LIU,"PADRO LIVIO CEDEÑO ESQ. MANUEL FLORES ENS, LA FE",JUAN PAULINO,DISTRITO NACIONAL,DISTRITO NACIONAL,CENTRO DE LA CIUDAD,TRADICIONAL,421,SMAYLI RAMON RODRIGUEZ QUEZADA,SMAYLI RAMON RODRIGUEZ QUEZADA,RAMON CUELLO HN,RAMON CUELLO HN,18.4934024810791,-69.9286499023438,421 HATO NUEVO,BAJA RETORNABILIDAD,SIN INCIDENCIA,ICE,1169007758,Ultima Aprobada,Elegible,18.49340404,-69.92887567,18.49340404-69.92887567,ELEGIBLE,NO,S,S1,DSTRTO105,HATO NUEVO,DSTRTO105-HATO NUEVO,2.0,Día 2,,,SUPLENTE,9000006092,,2.0,JEYSON VALDEZ,Cargar
NO,HOME MARKET TRADICIONAL,TIENDAS,Plata,SANTO DOMINGO,ZONA OCCIDENTAL  Y SC,9000000810,810,COLMADO MANUELCITO,C/FEDERICO VELASQUEZ NO. 18 ENS. MARIA AUXILIADORA,JUAN PAULINO,DISTRITO NACIONAL,DISTRITO NACIONAL,MARÍA AUXILIADORA,TRADICIONAL,313,VICTOR GABRIEL MORA CIRIACO,VICTOR GABRIEL MORA CIRIACO,DANIEL BATISTA,DANIEL BATISTA,18.49496,-69.8882,313 SANTO DOMINGO,ALTA RETORNABILIDAD,SIN INCIDENCIA,TITAN,1150002893,Ultima Aprobada,Elegible,18.4964551,-69.8889627,18.4964551-69.8889627,ELEGIBLE,NO,S,S1,DSTRTO105,SANTO DOMINGO,DSTRTO105-HATO NUEVO,1.0,Día 1,,,SUPLENTE,9000000810,,1.0,JEYSON VALDEZ,Cargar
NO,HOME MARKET TRADICIONAL,TIENDAS,Plata,HATO NUEVO,ZONA OCCIDENTAL  Y SC,9000001411,1411,BODEGA LA SUERTA,C/ JUAN J.DUARTE # 14 / ENS. LA FE,JUAN PAULINO,DISTRITO NACIONAL,DISTRITO NACIONAL,ENSANCHE LA FÉ,TRADICIONAL,341,LUIS OSVALDO BIDO MONTERO,LUIS OSVALDO BIDO MONTERO,RAMON CUELLO HN,RAMON CUELLO HN,18.4835778872172,-69.915864944458,341 HATO NUEVO,BAJA RETORNABILIDAD,SIN INCIDENCIA,ICE,1169007905,Ultima Aprobada,Elegible,18.48372231,-69.91567527,18.48372231-69.91567527,ELEGIBLE,NO,S,S1,DSTRTO105,HATO NUEVO,DSTRTO105-HATO NUEVO,1.0,Día 1,,,SUPLENTE,9000001411,,1.0,JEYSON VALDEZ,Cargar
NO,HOME MARKET TRADICIONAL,MINIMERCADOS,ORO,SANTO DOMINGO,ZONA OCCIDENTAL  Y SC,9000000566,566,S/COL. CANDY,LA GUARDIA NO. 51 VILLA CONSUELO,JUAN PAULINO,DISTRITO NACIONAL,DISTRITO NACIONAL,VILLA CONSUELO,TRADICIONAL,314,JOSE ENMANUEL ROSARIO MERCEDES,JOSE ENMANUEL ROSARIO MERCEDES,DANIEL BATISTA,DANIEL BATISTA,18.48336,-69.9018,314 SANTO DOMINGO,BAJA RETORNABILIDAD,SIN INCIDENCIA,TITAN,1150002076,Ultima Aprobada,Elegible,18.48339,-69.90183666666667,18.48339-69.9018366666667,ELEGIBLE,NO,S,S1,DSTRTO105,SANTO DOMINGO,DSTRTO105-HATO NUEVO,2.0,Día 2,,,SUPLENTE,9000000566,,2.0,JEYSON VALDEZ,Cargar
NO,HOME MARKET TRADICIONAL,TIENDAS,ORO,HATO NUEVO,ZONA OCCIDENTAL  Y SC,9000003505,3505,COLMADO LOS MUCHACHOS II,MARCOS ADON VILLAS AGRICOLAS,JUAN PAULINO,DISTRITO NACIONAL,DISTRITO NACIONAL,VILLAS AGRÍCOLAS,TRADICIONAL,323,MIGUEL ABREU PINALES,MIGUEL ABREU PINALES,DANIEL BATISTA,DANIEL BATISTA,18.4958,-69.9053,323 HATO NUEVO,BAJA RETORNABILIDAD,SIN INCIDENCIA,ICE,1169009503,Ultima Aprobada,Elegible,18.49577166666667,-69.90545333333333,18.4957716666667-69.9054533333333,ELEGIBLE,NO,S,S1,DSTRTO105,HATO NUEVO,DSTRTO105-HATO NUEVO,1.0,Día 1,,,SUPLENTE,9000003505,,1.0,JEYSON VALDEZ,Cargar
NO,HOME MARKET TRADICIONAL,TIENDAS,Plata,SANTO DOMINGO,ZONA OCCIDENTAL  Y SC,9000005386,5386,COL EL BARATON DE LA 15,15 ESQ 14,JUAN PAULINO,DISTRITO NACIONAL,DISTRITO NACIONAL,27 DE FEBRERO,TRADICIONAL,394,LUIS BREA JIMENEZ,LUIS BREA JIMENEZ,DANIEL BATISTA,DANIEL BATISTA,18.5012283325195,-69.8861312866211,394 SANTO DOMINGO,BAJA RETORNABILIDAD,SIN INCIDENCIA,ICE,1150012879,Ultima Aprobada,Elegible,18.501285,-69.88613666666667,18.501285-69.8861366666667,ELEGIBLE,NO,S,S1,DSTRTO105,SANTO DOMINGO,DSTRTO105-HATO NUEVO,3.0,Día 3,,,SUPLENTE,9000005386,,3.0,JEYSON VALDEZ,Cargar
NO,HOME MARKET TRADICIONAL,TIENDAS,Plata,SANTO DOMINGO,ZONA OCCIDENTAL  Y SC,9000001237,1237,COL. THOMAS,C/ SAMANA NO. 30 SECTOR GUACHUPITA,JUAN PAULINO,DISTRITO NACIONAL,DISTRITO NACIONAL,CENTRO DE LA CIUDAD,TRADICIONAL,313,VICTOR GABRIEL MORA CIRIACO,VICTOR GABRIEL MORA CIRIACO,DANIEL BATISTA,DANIEL BATISTA,18.49158,-69.8861,313 SANTO DOMINGO,ALTA RETORNABILIDAD,SIN INCIDENCIA,ICE,1150005291,Ultima Aprobada,Elegible,18.4916164,-69.88591246,18.4916164-69.88591246,ELEGIBLE,NO,S,S1,DSTRTO105,SANTO DOMINGO,DSTRTO105-HATO NUEVO,1.0,Día 1,,,SUPLENTE,9000001237,,1.0,JEYSON VALDEZ,Cargar
NO,HOME MARKET TRADICIONAL,TIENDAS,Plata,HATO NUEVO,ZONA OCCIDENTAL  Y SC,9000004420,4420,COL. YULI,"C/2 SUR #10, ENS. LUPERON",JUAN PAULINO,DISTRITO NACIONAL,DISTRITO NACIONAL,CENTRO DE LA CIUDAD,TRADICIONAL,323,MIGUEL ABREU PINALES,MIGUEL ABREU PINALES,DANIEL BATISTA,DANIEL BATISTA,18.49854088,-69.893,323 HATO NUEVO,ALTA RETORNABILIDAD,SIN INCIDENCIA,ICE,1169009541,Ultima Aprobada,Elegible,18.49856793333333,-69.89283883333333,18.4985679333333-69.8928388333333,ELEGIBLE,NO,S,S1,DSTRTO105,HATO NUEVO,DSTRTO105-HATO NUEVO,1.0,Día 1,,,SUPLENTE,9000004420,,1.0,JEYSON VALDEZ,Cargar
NO,HOME MARKET TRADICIONAL,TIENDAS,Plata,HATO NUEVO,ZONA OCCIDENTAL  Y SC,9000004734,4734,COL. FAMASSIER,ARTURO LOGROÑO # 162 / ENS. LA FE,JUAN PAULINO,DISTRITO NACIONAL,DISTRITO NACIONAL,CENTRO DE LA CIUDAD,TRADICIONAL,341,LUIS OSVALDO BIDO MONTERO,LUIS OSVALDO BIDO MONTERO,RAMON CUELLO HN,RAMON CUELLO HN,18.4910383224487,-69.9210453033447,341 HATO NUEVO,ALTA RETORNABILIDAD,SIN INCIDENCIA,ICE,1169007600,Ultima Aprobada,Elegible,18.49103,-69.92103166666668,18.49103-69.9210316666667,ELEGIBLE,NO,S,S1,DSTRTO105,HATO NUEVO,DSTRTO105-HATO NUEVO,1.0,Día 1,,,SUPLENTE,9000004734,,1.0,JEYSON VALDEZ,Cargar
NO,HOME MARKET TRADICIONAL,TIENDAS,ORO,SANTO DOMINGO,ZONA OCCIDENTAL  Y SC,9000000568,568,COL. TRONCOSO II,JUAN DE MORFA N. 145 VILLA CONSUELO,JUAN PAULINO,DISTRITO NACIONAL,DISTRITO NACIONAL,CENTRO DE LA CIUDAD,TRADICIONAL,314,JOSE ENMANUEL ROSARIO MERCEDES,JOSE ENMANUEL ROSARIO MERCEDES,DANIEL BATISTA,DANIEL BATISTA,18.48355,-69.9025,314 SANTO DOMINGO,ALTA RETORNABILIDAD,SIN INCIDENCIA,TITAN,1150002078,Ultima Aprobada,Elegible,18.4835491,-69.9024224,18.4835491-69.9024224,ELEGIBLE,NO,S,S1,DSTRTO105,SANTO DOMINGO,DSTRTO105-HATO NUEVO,2.0,Día 2,,,SUPLENTE,9000000568,,2.0,JEYSON VALDEZ,Cargar
NO,HOME MARKET TRADICIONAL,TIENDAS,ORO,HATO NUEVO,ZONA OCCIDENTAL  Y SC,9000000717,717,COL. VICTOR,"C/ ML FLORES # 26 ENS, LA FE",JUAN PAULINO,DISTRITO NACIONAL,DISTRITO NACIONAL,CENTRO DE LA CIUDAD,TRADICIONAL,421,SMAYLI RAMON RODRIGUEZ QUEZADA,SMAYLI RAMON RODRIGUEZ QUEZADA,RAMON CUELLO HN,RAMON CUELLO HN,18.4916593652023,-69.9287663509971,421 HATO NUEVO,BAJA RETORNABILIDAD,SIN INCIDENCIA,ICE,1169008119,Ultima Aprobada,Elegible,18.49172562,-69.9287233,18.49172562-69.9287233,ELEGIBLE,NO,S,S1,DSTRTO105,HATO NUEVO,DSTRTO105-HATO NUEVO,2.0,Día 2,,,SUPLENTE,9000000717,,2.0,JEYSON VALDEZ,Cargar
NO,HOME MARKET TRADICIONAL,TIENDAS,ORO,HATO NUEVO,ZONA OCCIDENTAL  Y SC,9000001523,1523,COL. LA GRAN PARADA,"C/ PEPILLO SALCEDO # 36 ENS, LA FE",JUAN PAULINO,DISTRITO NACIONAL,DISTRITO NACIONAL,CENTRO DE LA CIUDAD,TRADICIONAL,421,SMAYLI RAMON RODRIGUEZ QUEZADA,SMAYLI RAMON RODRIGUEZ QUEZADA,RAMON CUELLO HN,RAMON CUELLO HN,18.4914924621582,-69.9254573822022,421 HATO NUEVO,ALTA RETORNABILIDAD,SIN INCIDENCIA,ICE,1169007916,Sin Visita,Elegible,18.4914924621582,-69.9254573822022,18.4914924621582-69.9254573822022,ELEGIBLE,NO,S,S1,DSTRTO105,HATO NUEVO,DSTRTO105-HATO NUEVO,2.0,Día 2,,,SUPLENTE,9000001523,,2.0,JEYSON VALDEZ,Cargar
NO,HOME MARKET TRADICIONAL,MINIMERCADOS,ORO,HATO NUEVO,ZONA OCCIDENTAL  Y SC,9000008363,8363,DELI MARKET NEPO,"C/ EUCLIDE MORILLO # 70, ENS. LA FE",JUAN PAULINO,DISTRITO NACIONAL,DISTRITO NACIONAL,CENTRO DE LA CIUDAD,TRADICIONAL,421,SMAYLI RAMON RODRIGUEZ QUEZADA,SMAYLI RAMON RODRIGUEZ QUEZADA,RAMON CUELLO HN,RAMON CUELLO HN,18.4868489901225,-69.9348468780518,421 HATO NUEVO,ALTA RETORNABILIDAD,SIN INCIDENCIA,ICE,1169008335,Sin Visita,Elegible,18.4868489901225,-69.9348468780518,18.4868489901225-69.9348468780518,ELEGIBLE,NO,S,S1,DSTRTO105,HATO NUEVO,DSTRTO105-HATO NUEVO,2.0,Día 2,,,SUPLENTE,9000008363,,2.0,JEYSON VALDEZ,Cargar
NO,HOME MARKET TRADICIONAL,TIENDAS,Plata,HATO NUEVO,ZONA OCCIDENTAL  Y SC,9000004422,4422,COL. LOS MUCHACHOS,"C/2 SUR #30, ENS. LUPERON",JUAN PAULINO,DISTRITO NACIONAL,DISTRITO NACIONAL,CENTRO DE LA CIUDAD,TRADICIONAL,323,MIGUEL ABREU PINALES,MIGUEL ABREU PINALES,DANIEL BATISTA,DANIEL BATISTA,18.49957,-69.8937,323 HATO NUEVO,ALTA RETORNABILIDAD,SIN INCIDENCIA,ICE,1169009542,Ultima Aprobada,Elegible,18.50058061,-69.8916891,18.50058061-69.8916891,ELEGIBLE,NO,S,S1,DSTRTO105,HATO NUEVO,DSTRTO105-HATO NUEVO,1.0,Día 1,,,SUPLENTE,9000004422,,1.0,JEYSON VALDEZ,Cargar
NO,HOME MARKET TRADICIONAL,TIENDAS,Plata,HATO NUEVO,ZONA OCCIDENTAL  Y SC,9000005066,5066,COLMADO ME LIBERE,C/FCO. VILLA ESPESA NO.25 ENS. LA FE,JUAN PAULINO,DISTRITO NACIONAL,DISTRITO NACIONAL,CENTRO DE LA CIUDAD,TRADICIONAL,341,LUIS OSVALDO BIDO MONTERO,LUIS OSVALDO BIDO MONTERO,RAMON CUELLO HN,RAMON CUELLO HN,18.4871006,-69.91788483,341 HATO NUEVO,ALTA RETORNABILIDAD,SIN INCIDENCIA,ICE,1169009585,Ultima Aprobada,Elegible,18.4870766,-69.9178767,18.4870766-69.9178767,ELEGIBLE,NO,S,S1,DSTRTO105,HATO NUEVO,DSTRTO105-HATO NUEVO,1.0,Día 1,,,SUPLENTE,9000005066,,1.0,JEYSON VALDEZ,Cargar
NO,HOME MARKET TRADICIONAL,TIENDAS,Plata,SANTO DOMINGO,ZONA OCCIDENTAL  Y SC,9000071172,71172,COLMADO CHICHO,RESP ISABELA,JUAN PAULINO,DISTRITO NACIONAL,DISTRITO NACIONAL,ENSANCHE CAPOTILLO,TRADICIONAL,395,RAMON RODRIGUEZ CORNIEL,RAMON RODRIGUEZ CORNIEL,DANIEL BATISTA,DANIEL BATISTA,18.5077567100525,-69.9031934738159,395 SANTO DOMINGO,BAJA RETORNABILIDAD,SIN INCIDENCIA,ICE,1150030559,Ultima Aprobada,Elegible,18.5077545,-69.9031394,18.5077545-69.9031394,ELEGIBLE,NO,S,S1,DSTRTO105,SANTO DOMINGO,DSTRTO105-HATO NUEVO,1.0,Día 1,,,SUPLENTE,9000071172,,1.0,JEYSON VALDEZ,Cargar
NO,HOME MARKET TRADICIONAL,MINIMERCADOS,ORO,SANTO DOMINGO,ZONA OCCIDENTAL  Y SC,9000000550,550,SUPER COLMADO SAN PEDRO,C/PIMENTEL # 104 VILLA CONSUELO,JUAN PAULINO,DISTRITO NACIONAL,DISTRITO NACIONAL,VILLA CONSUELO,TRADICIONAL,314,JOSE ENMANUEL ROSARIO MERCEDES,JOSE ENMANUEL ROSARIO MERCEDES,DANIEL BATISTA,DANIEL BATISTA,18.48371,-69.896,314 SANTO DOMINGO,BAJA RETORNABILIDAD,SIN INCIDENCIA,TITAN,1150002021,Sin Visita,Elegible,18.48371,-69.896,18.48371-69.896,ELEGIBLE,NO,S,S1,DSTRTO105,SANTO DOMINGO,DSTRTO105-HATO NUEVO,2.0,Día 2,,,SUPLENTE,9000000550,,2.0,JEYSON VALDEZ,Cargar
NO,HOME MARKET TRADICIONAL,TIENDAS,Plata,HATO NUEVO,ZONA OCCIDENTAL  Y SC,9000001022,1022,COLMADO GUZMAN,"C/ RESP. 43 # 58 ENS, LA FE CRISTO REY",JUAN PAULINO,DISTRITO NACIONAL,DISTRITO NACIONAL,CRISTO REY,TRADICIONAL,340,STARLIN HERRERA,STARLIN HERRERA,RAMON CUELLO HN,RAMON CUELLO HN,18.4976181983948,-69.9263515472412,340 HATO NUEVO,BAJA RETORNABILIDAD,SIN INCIDENCIA,ICE,1169008097,Ultima Aprobada,Elegible,18.49716993,-69.92545497,18.49716993-69.92545497,ELEGIBLE,NO,S,S1,DSTRTO105,HATO NUEVO,DSTRTO105-HATO NUEVO,3.0,Día 3,,,SUPLENTE,9000001022,,3.0,JEYSON VALDEZ,Cargar
NO,HOME MARKET TRADICIONAL,TIENDAS,Plata,HATO NUEVO,ZONA OCCIDENTAL  Y SC,9000006571,6571,COLMADO CAMILA,C/ ORTEGA Y GASSET NO. 62 CRISTO REY,JUAN PAULINO,DISTRITO NACIONAL,DISTRITO NACIONAL,CRISTO REY,TRADICIONAL,341,LUIS OSVALDO BIDO MONTERO,LUIS OSVALDO BIDO MONTERO,RAMON CUELLO HN,RAMON CUELLO HN,18.49876,-69.9222,341 HATO NUEVO,BAJA RETORNABILIDAD,SIN INCIDENCIA,ICE,1169006891,Ultima Aprobada,Elegible,18.49824,-69.922015,18.49824-69.922015,ELEGIBLE,NO,S,S1,DSTRTO105,HATO NUEVO,DSTRTO105-HATO NUEVO,1.0,Día 1,,,SUPLENTE,9000006571,,1.0,JEYSON VALDEZ,Cargar
NO,HOME MARKET TRADICIONAL,TIENDAS,Plata,SANTO DOMINGO,ZONA OCCIDENTAL  Y SC,9000071654,71654,SUPER BODEGA DOBLEA A,CRISTOBAL COLON ESQ MARCO POLO,JUAN PAULINO,DISTRITO NACIONAL,DISTRITO NACIONAL,SIMÓN BOLIVAR,TRADICIONAL,395,RAMON RODRIGUEZ CORNIEL,RAMON RODRIGUEZ CORNIEL,DANIEL BATISTA,DANIEL BATISTA,18.5084326267242,-69.8960580825806,395 SANTO DOMINGO,ALTA RETORNABILIDAD,SIN INCIDENCIA,TITAN,1150030630,Ultima Aprobada,Elegible,18.50843352,-69.89603434,18.50843352-69.89603434,ELEGIBLE,NO,S,S1,DSTRTO105,SANTO DOMINGO,DSTRTO105-HATO NUEVO,1.0,Día 1,,,SUPLENTE,9000071654,,1.0,JEYSON VALDEZ,Cargar
NO,HOME MARKET TRADICIONAL,TIENDAS,Plata,SANTO DOMINGO,ZONA OCCIDENTAL  Y SC,9000000516,516,COLMADO MIGUEL,C/ FCO. DEL ROSARIO SANCHEZ NO. 92 ENS. GUACHUPITA,JUAN PAULINO,DISTRITO NACIONAL,DISTRITO NACIONAL,GUACHUPITA,TRADICIONAL,313,VICTOR GABRIEL MORA CIRIACO,VICTOR GABRIEL MORA CIRIACO,DANIEL BATISTA,DANIEL BATISTA,18.4927501678467,-69.8834915161133,313 SANTO DOMINGO,ALTA RETORNABILIDAD,SIN INCIDENCIA,TITAN,1150001939,Ultima Aprobada,Elegible,18.49298666666666,-69.883545,18.4929866666667-69.883545,ELEGIBLE,NO,S,S1,DSTRTO105,SANTO DOMINGO,DSTRTO105-HATO NUEVO,1.0,Día 1,,,SUPLENTE,9000000516,,1.0,JEYSON VALDEZ,Cargar
NO,HOME MARKET TRADICIONAL,TIENDAS,ORO,SANTO DOMINGO,ZONA OCCIDENTAL  Y SC,9000000559,559,COL. SOTO,MANUEL UBALDO GOMEZ # 129 VILLA CONSUELO,JUAN PAULINO,DISTRITO NACIONAL,DISTRITO NACIONAL,CENTRO DE LA CIUDAD,TRADICIONAL,314,JOSE ENMANUEL ROSARIO MERCEDES,JOSE ENMANUEL ROSARIO MERCEDES,DANIEL BATISTA,DANIEL BATISTA,18.4883,-69.9035,314 SANTO DOMINGO,ALTA RETORNABILIDAD,SIN INCIDENCIA,TITAN,1150002067,Sin Visita,Elegible,18.4883,-69.9035,18.4883-69.9035,ELEGIBLE,NO,S,S1,DSTRTO105,SANTO DOMINGO,DSTRTO105-HATO NUEVO,2.0,Día 2,,,SUPLENTE,9000000559,,2.0,JEYSON VALDEZ,Cargar
NO,HOME MARKET TRADICIONAL,TIENDAS,Plata,HATO NUEVO,ZONA OCCIDENTAL  Y SC,9000001349,1349,COL. MARIA,C/ 3RA NO. 30 ANA GOTIER SECTOR CRISTO REY,JUAN PAULINO,DISTRITO NACIONAL,DISTRITO NACIONAL,CENTRO DE LA CIUDAD,TRADICIONAL,340,STARLIN HERRERA,STARLIN HERRERA,RAMON CUELLO HN,RAMON CUELLO HN,18.49759483,-69.92945862,340 HATO NUEVO,ALTA RETORNABILIDAD,SIN INCIDENCIA,ICE,1169007895,Sin Visita,Elegible,18.49759483,-69.92945862,18.49759483-69.92945862,ELEGIBLE,NO,S,S1,DSTRTO105,HATO NUEVO,DSTRTO105-HATO NUEVO,3.0,Día 3,,,SUPLENTE,9000001349,,3.0,JEYSON VALDEZ,Cargar
NO,HOME MARKET TRADICIONAL,TIENDAS,Plata,HATO NUEVO,ZONA OCCIDENTAL  Y SC,9000003800,3800,BODEGA LA ESQUINA,C/ 2DA. / C/ 5TA. ANA GOTIER,JUAN PAULINO,DISTRITO NACIONAL,DISTRITO NACIONAL,CENTRO DE LA CIUDAD,TRADICIONAL,340,STARLIN HERRERA,STARLIN HERRERA,RAMON CUELLO HN,RAMON CUELLO HN,18.4977951049805,-69.9289932250977,340 HATO NUEVO,ALTA RETORNABILIDAD,SIN INCIDENCIA,ICE,1169008056,Ultima Aprobada,Elegible,18.49780333333333,-69.92894666666666,18.4978033333333-69.9289466666667,ELEGIBLE,NO,S,S2,DSTRTO105,HATO NUEVO,DSTRTO105-HATO NUEVO,3.0,Día 3,,,SUPLENTE,9000003800,,3.0,JEYSON VALDEZ,Cargar
NO,HOME MARKET TRADICIONAL,TIENDAS,Plata,HATO NUEVO,ZONA OCCIDENTAL  Y SC,9000004129,4129,COL ELIZABETH,C/ 37 ESQ. 3RA. CRISTO REY,JUAN PAULINO,DISTRITO NACIONAL,DISTRITO NACIONAL,CENTRO DE LA CIUDAD,TRADICIONAL,340,STARLIN HERRERA,STARLIN HERRERA,RAMON CUELLO HN,RAMON CUELLO HN,18.5020506117079,-69.9232864379883,340 HATO NUEVO,ALTA RETORNABILIDAD,SIN INCIDENCIA,ICE,1169006882,Ultima Aprobada,Elegible,18.50229742,-69.92334962,18.50229742-69.92334962,ELEGIBLE,NO,S,S2,DSTRTO105,HATO NUEVO,DSTRTO105-HATO NUEVO,3.0,Día 3,,,SUPLENTE,9000004129,,3.0,JEYSON VALDEZ,Cargar
NO,HOME MARKET TRADICIONAL,TIENDAS,Plata,SANTO DOMINGO,ZONA OCCIDENTAL  Y SC,9000060050,60050,COL LA UNION,RESPALDO MARIA MONTES,JUAN PAULINO,DISTRITO NACIONAL,DISTRITO NACIONAL,LA ZURZA,TRADICIONAL,395,RAMON RODRIGUEZ CORNIEL,RAMON RODRIGUEZ CORNIEL,DANIEL BATISTA,DANIEL BATISTA,18.5073822869195,-69.9104063245985,395 SANTO DOMINGO,BAJA RETORNABILIDAD,SIN INCIDENCIA,ICE,1150018022,Ultima Aprobada,Elegible,18.50583333333333,-69.91010833333333,18.5058333333333-69.9101083333333,ELEGIBLE,NO,S,S2,DSTRTO105,SANTO DOMINGO,DSTRTO105-HATO NUEVO,1.0,Día 1,,,SUPLENTE,9000060050,,1.0,JEYSON VALDEZ,Cargar
NO,HOME MARKET TRADICIONAL,TIENDAS,Plata,SANTO DOMINGO,ZONA OCCIDENTAL  Y SC,9000060729,60729,COL KEILA,30 DE MAYO ESQ 35,JUAN PAULINO,DISTRITO NACIONAL,DISTRITO NACIONAL,24 DE ABRIL,TRADICIONAL,395,RAMON RODRIGUEZ CORNIEL,RAMON RODRIGUEZ CORNIEL,DANIEL BATISTA,DANIEL BATISTA,18.5050022602081,-69.8949575424194,395 SANTO DOMINGO,ALTA RETORNABILIDAD,SIN INCIDENCIA,ICE,1150030064,Ultima Aprobada,Elegible,18.50505166666667,-69.89499833333333,18.5050516666667-69.8949983333333,ELEGIBLE,NO,S,S2,DSTRTO105,SANTO DOMINGO,DSTRTO105-HATO NUEVO,1.0,Día 1,,,SUPLENTE,9000060729,,1.0,JEYSON VALDEZ,Cargar
